"";"countryCode";"countryName";"isoNumeric";"isoAlpha3";"fipsCode";"continent";"continentName";"capital";"areaInSqKm";"population";"currencyCode";"languages";"geonameId";"west";"north";"east";"south";"postalCodeFormat";"toponymName";"name";"lat";"lng";"geonameId.1";"countryCode.1";"countryName.1";"fcl";"fcode"
"1";"AD";"Andorra";"020";"AND";"AN";"EU";"Europe";"Andorra la Vella";"468.0";"84000";"EUR";"ca";"3041565";"1.4071867141112762";"42.65604389629997";"1.7865427778319827";"42.42849259876837";"AD###";"Andorra la Vella";"Andorra la Vella";"42.50779";"1.52109";"3041563";"AD";"Andorra";"P";"PPLC"
"2";"AE";"United Arab Emirates";"784";"ARE";"AE";"AS";"Asia";"Abu Dhabi";"82880.0";"4975593";"AED";"ar-AE,fa,en,hi,ur";"290557";"51.58332824707031";"26.08415985107422";"56.38166046142578";"22.633329391479492";"";"United Arab Emirates";"United Arab Emirates";"23.75";"54.5";"290557";"AE";"United Arab Emirates";"A";"PCLI"
"3";"AF";"Afghanistan";"004";"AFG";"AF";"AS";"Asia";"Kabul";"647500.0";"29121286";"AFN";"fa-AF,ps,uz-AF,tk";"1149361";"60.478443";"38.483418";"74.879448";"29.377472";"";"Islamic Republic of Afghanistan";"Afghanistan";"33";"66";"1149361";"AF";"Afghanistan";"A";"PCLI"
"4";"AG";"Antigua and Barbuda";"028";"ATG";"AC";"NA";"North America";"St. John's";"443.0";"86754";"XCD";"en-AG";"3576396";"-61.906425";"17.729387";"-61.672421";"16.996979";"";"Antigua and Barbuda";"Antigua and Barbuda";"17.05";"-61.8";"3576396";"AG";"Antigua and Barbuda";"A";"PCLI"
"5";"AI";"Anguilla";"660";"AIA";"AV";"NA";"North America";"The Valley";"102.0";"13254";"XCD";"en-AI";"3573511";"-63.16808989603879";"18.276901971658063";"-62.96655544577948";"18.160292974311673";"";"Anguilla";"Anguilla";"18.21667";"-63.05";"3573511";"AI";"Anguilla";"A";"PCLD"
"6";"AL";"Albania";"008";"ALB";"AL";"EU";"Europe";"Tirana";"28748.0";"2986952";"ALL";"sq,el";"783754";"19.2639112711741";"42.6611669383269";"21.0574334835312";"39.6448624829142";"";"Republic of Albania";"Albania";"41";"20";"783754";"AL";"Albania";"A";"PCLI"
"7";"AM";"Armenia";"051";"ARM";"AM";"AS";"Asia";"Yerevan";"29800.0";"2968000";"AMD";"hy";"174982";"43.44978";"41.301834";"46.772435045159995";"38.830528";"######";"Republic of Armenia";"Armenia";"40.25";"45";"174982";"AM";"Armenia";"A";"PCLI"
"8";"AO";"Angola";"024";"AGO";"AO";"AF";"Africa";"Luanda";"1246700.0";"13068161";"AOA";"pt-AO";"3351879";"11.679219";"-4.376826";"24.082119";"-18.042076";"";"Republic of Angola";"Angola";"-12.5";"18.5";"3351879";"AO";"Angola";"A";"PCLI"
"9";"AQ";"Antarctica";"010";"ATA";"AY";"AN";"Antarctica";"";"1.4E7";"0";"";"";"6697173";"-179.9999";"-60.515533";"179.9999";"-89.9999";"";"Antarctica";"Antarctica";"-90";"0";"6632699";"AQ";"Antarctica";"L";"LAND"
"10";"AR";"Argentina";"032";"ARG";"AR";"SA";"South America";"Buenos Aires";"2766890.0";"41343201";"ARS";"es-AR,en,it,de,fr,gn";"3865483";"-73.58297";"-21.781277";"-53.591835";"-55.061314";"@####@@@";"Argentine Republic";"Argentina";"-34";"-64";"3865483";"AR";"Argentina";"A";"PCLI"
"11";"AS";"American Samoa";"016";"ASM";"AQ";"OC";"Oceania";"Pago Pago";"199.0";"57881";"USD";"en-AS,sm,to";"5880801";"-171.091888";"-11.0497";"-169.416077";"-14.382478";"#####-####";"Swains Island";"Swains Island";"-11.056";"-171.082";"5881199";"AS";"American Samoa";"A";"ADM1"
"12";"AT";"Austria";"040";"AUT";"AU";"EU";"Europe";"Vienna";"83858.0";"8205000";"EUR";"de-AT,hr,hu,sl";"2782113";"9.53095237240833";"49.0211627691393";"17.1620685652599";"46.3726520216244";"####";"Republic of Austria";"Austria";"47.33333";"13.33333";"2782113";"AT";"Austria";"A";"PCLI"
"13";"AU";"Australia";"036";"AUS";"AS";"OC";"Oceania";"Canberra";"7686850.0";"21515754";"AUD";"en-AU";"2077456";"112.911057";"-10.062805";"153.639252";"-43.64397";"####";"Commonwealth of Australia";"Australia";"-25";"135";"2077456";"AU";"Australia";"A";"PCLI"
"14";"AW";"Aruba";"533";"ABW";"AA";"NA";"North America";"Oranjestad";"193.0";"71566";"AWG";"nl-AW,pap,es,en";"3577279";"-70.0644737196045";"12.623718127152925";"-69.86575120104982";"12.411707706190716";"";"Aruba";"Aruba";"12.5";"-69.96667";"3577279";"AW";"Aruba";"A";"PCLIX"
"15";"AX";"Åland";"248";"ALA";"";"EU";"Europe";"Mariehamn";"1580.0";"26711";"EUR";"sv-AX";"661882";"19.317694";"60.488861";"21.011862";"59.90675";"#####";"Ahvenanmaan LÃ¤Ã¤ni";"Ã…land";"60.25";"20";"661882";"AX";"Ã…land";"A";"PCLD"
"16";"AZ";"Azerbaijan";"031";"AZE";"AJ";"AS";"Asia";"Baku";"86600.0";"8303512";"AZN";"az,ru,hy";"587116";"44.774113";"41.90564";"50.370083";"38.38915252685547";"AZ ####";"Republic of Azerbaijan";"Azerbaijan";"40.5";"47.5";"587116";"AZ";"Azerbaijan";"A";"PCLI"
"17";"BA";"Bosnia and Herzegovina";"070";"BIH";"BK";"EU";"Europe";"Sarajevo";"51129.0";"4590000";"BAM";"bs,hr-BA,sr-BA";"3277605";"15.718945";"45.239193";"19.622223";"42.546112";"#####";"Bosnia and Herzegovina";"Bosnia and Herzegovina";"44.25";"17.83333";"3277605";"BA";"Bosnia and Herzegovina";"A";"PCLI"
"18";"BB";"Barbados";"052";"BRB";"BB";"NA";"North America";"Bridgetown";"431.0";"285653";"BBD";"en-BB";"3374084";"-59.648922";"13.327257";"-59.420376";"13.039844";"BB#####";"Barbados";"Barbados";"13.16453";"-59.55165";"3374084";"BB";"Barbados";"A";"PCLI"
"19";"BD";"Bangladesh";"050";"BGD";"BG";"AS";"Asia";"Dhaka";"144000.0";"156118464";"BDT";"bn-BD,en";"1210997";"88.028336";"26.631945";"92.673668";"20.743334";"####";"Bangladesh";"Bangladesh";"24";"90";"1210997";"BD";"Bangladesh";"A";"PCLI"
"20";"BE";"Belgium";"056";"BEL";"BE";"EU";"Europe";"Brussels";"30510.0";"10403000";"EUR";"nl-BE,fr-BE,de-BE";"2802361";"2.546944";"51.505444";"6.403861";"49.49361";"####";"Kingdom of Belgium";"Belgium";"50.75";"4.5";"2802361";"BE";"Belgium";"A";"PCLI"
"21";"BF";"Burkina Faso";"854";"BFA";"UV";"AF";"Africa";"Ouagadougou";"274200.0";"16241811";"XOF";"fr-BF,mos";"2361809";"-5.518916";"15.082593";"2.405395";"9.401108";"";"Burkina Faso";"Burkina Faso";"12.5";"-1.66667";"2361809";"BF";"Burkina Faso";"A";"PCLI"
"22";"BG";"Bulgaria";"100";"BGR";"BU";"EU";"Europe";"Sofia";"110910.0";"7148785";"BGN";"bg,tr-BG,rom";"732800";"22.371166";"44.21764";"28.612167";"41.242084";"####";"Republic of Bulgaria";"Bulgaria";"42.66667";"25.25";"732800";"BG";"Bulgaria";"A";"PCLI"
"23";"BH";"Bahrain";"048";"BHR";"BA";"AS";"Asia";"Manama";"665.0";"738004";"BHD";"ar-BH,en,fa,ur";"290291";"50.45414";"26.282583";"50.664471";"25.796862";"####|###";"Kingdom of Bahrain";"Bahrain";"26.03333";"50.55";"290291";"BH";"Bahrain";"A";"PCLI"
"24";"BI";"Burundi";"108";"BDI";"BY";"AF";"Africa";"Bujumbura";"27830.0";"9863117";"BIF";"fr-BI,rn";"433561";"28.993061";"-2.310123";"30.847729";"-4.465713";"";"Republic of Burundi";"Burundi";"-3.5";"30";"433561";"BI";"Burundi";"A";"PCLI"
"25";"BJ";"Benin";"204";"BEN";"BN";"AF";"Africa";"Porto-Novo";"112620.0";"9056010";"XOF";"fr-BJ";"2395170";"0.774575";"12.418347";"3.851701";"6.225748";"";"Republic of Benin";"Benin";"9.5";"2.25";"2395170";"BJ";"Benin";"A";"PCLI"
"26";"BL";"Saint Barthélemy";"652";"BLM";"TB";"NA";"North America";"Gustavia";"21.0";"8450";"EUR";"fr";"3578476";"-62.8739118253784";"17.928808791949283";"-62.788983372985854";"17.878183227405575";"#####";"Saint-BarthÃ©lemy";"Saint BarthÃ©lemy";"17.9";"-62.8257";"3578476";"BL";"Saint BarthÃ©lemy";"A";"PCLIX"
"27";"BM";"Bermuda";"060";"BMU";"BD";"NA";"North America";"Hamilton";"53.0";"65365";"BMD";"en-BM,pt";"3573345";"-64.88723800000002";"32.39122351646162";"-64.64718648144532";"32.247551";"@@ ##";"Hamilton";"Hamilton";"32.2949";"-64.78303";"3573197";"BM";"Bermuda";"P";"PPLC"
"28";"BN";"Brunei";"096";"BRN";"BX";"AS";"Asia";"Bandar Seri Begawan";"5770.0";"395027";"BND";"ms-BN,en-BN";"1820814";"114.071442";"5.047167";"115.359444";"4.003083";"@@####";"Brunei Darussalam";"Brunei";"4.5";"114.66667";"1820814";"BN";"Brunei";"A";"PCLI"
"29";"BO";"Bolivia";"068";"BOL";"BL";"SA";"South America";"Sucre";"1098580.0";"9947418";"BOB";"es-BO,qu,ay";"3923057";"-69.640762";"-9.680567";"-57.45809600000001";"-22.896133";"";"Plurinational State of Bolivia";"Bolivia";"-17";"-65";"3923057";"BO";"Bolivia";"A";"PCLI"
"30";"BQ";"Bonaire";"535";"BES";"";"NA";"North America";"Kralendijk";"328.0";"18012";"USD";"nl,pap,en";"7626844";"-68.416458";"12.304535";"-68.192307";"12.017149";"";"Bonaire, Saint Eustatius and Saba";"Bonaire, Sint Eustatius, and Saba";"12.21286";"-68.29445";"7626844";"BQ";"Bonaire";"A";"PCLIX"
"31";"BR";"Brazil";"076";"BRA";"BR";"SA";"South America";"Brasília";"8511965.0";"201103330";"BRL";"pt-BR,es,en,fr";"3469034";"-73.985535";"5.264877";"-32.392998";"-33.750706";"#####-###";"Federative Republic of Brazil";"Brazil";"-10";"-55";"3469034";"BR";"Brazil";"A";"PCLI"
"32";"BS";"Bahamas";"044";"BHS";"BF";"NA";"North America";"Nassau";"13940.0";"301790";"BSD";"en-BS";"3572887";"-78.995911";"26.919243";"-74.423874";"22.852743";"";"Commonwealth of The Bahamas";"Bahamas";"25.04082";"-77.37122";"3572887";"BS";"Bahamas";"A";"PCLI"
"33";"BT";"Bhutan";"064";"BTN";"BT";"AS";"Asia";"Thimphu";"47000.0";"699847";"BTN";"dz";"1252634";"88.75972";"28.323778";"92.125191";"26.70764";"";"Kingdom of Bhutan";"Bhutan";"27.5";"90.5";"1252634";"BT";"Bhutan";"A";"PCLI"
"34";"BV";"Bouvet Island";"074";"BVT";"BV";"AN";"Antarctica";"";"49.0";"0";"NOK";"";"3371123";"3.335499";"-54.400322";"3.487976";"-54.462383";"";"Bouvet Island";"Bouvet Island";"-54.43333";"3.4";"3371123";"BV";"Bouvet Island";"A";"PCLD"
"35";"BW";"Botswana";"072";"BWA";"BC";"AF";"Africa";"Gaborone";"600370.0";"2029307";"BWP";"en-BW,tn-BW";"933860";"19.999535";"-17.780813";"29.360781";"-26.907246";"";"Republic of Botswana";"Botswana";"-22";"24";"933860";"BW";"Botswana";"A";"PCLI"
"36";"BY";"Belarus";"112";"BLR";"BO";"EU";"Europe";"Minsk";"207600.0";"9685000";"BYR";"be,ru";"630336";"23.176889";"56.165806";"32.770805";"51.256416";"######";"Republic of Belarus";"Belarus";"53";"28";"630336";"BY";"Belarus";"A";"PCLI"
"37";"BZ";"Belize";"084";"BLZ";"BH";"NA";"North America";"Belmopan";"22966.0";"314522";"BZD";"en-BZ,es";"3582678";"-89.224815";"18.496557";"-87.776985";"15.8893";"";"Belize City";"Belize City";"17.49952";"-88.19756";"3582677";"BZ";"Belize";"P";"PPLA"
"38";"CA";"Canada";"124";"CAN";"CA";"NA";"North America";"Ottawa";"9984670.0";"33679000";"CAD";"en-CA,fr-CA,iu";"6251999";"-141.0";"83.110626";"-52.636291";"41.67598";"@#@ #@#";"Canada";"Canada";"60.10867";"-113.64258";"6251999";"CA";"Canada";"A";"PCLI"
"39";"CC";"Cocos [Keeling] Islands";"166";"CCK";"CK";"AS";"Asia";"West Island";"14.0";"628";"AUD";"ms-CC,en";"1547376";"96.816941408";"-12.072459094";"96.929489344";"-12.208725839";"";"Territory of Cocos (Keeling) Islands";"Cocos [Keeling] Islands";"-12.1642";"96.87332";"1547376";"CC";"Cocos [Keeling] Islands";"A";"PCLD"
"40";"CD";"Democratic Republic of the Congo";"180";"COD";"CG";"AF";"Africa";"Kinshasa";"2345410.0";"70916439";"CDF";"fr-CD,ln,ktu,kg,sw,lua";"203312";"12.204144";"5.386098";"31.305912";"-13.455675";"";"Democratic Republic of the Congo";"DR Congo";"-2.5";"23.5";"203312";"CD";"Democratic Republic of the Congo";"A";"PCLI"
"41";"CF";"Central African Republic";"140";"CAF";"CT";"AF";"Africa";"Bangui";"622984.0";"4844927";"XAF";"fr-CF,sg,ln,kg";"239880";"14.420097";"11.007569";"27.463421";"2.220514";"";"Central African Republic";"Central African Republic";"7";"21";"239880";"CF";"Central African Republic";"A";"PCLI"
"42";"CG";"Republic of the Congo";"178";"COG";"CF";"AF";"Africa";"Brazzaville";"342000.0";"3039126";"XAF";"fr-CG,kg,ln-CG";"2260494";"11.205009";"3.703082";"18.649839";"-5.027223";"";"Republic of the Congo";"Congo";"-1";"15.5";"2260494";"CG";"Republic of the Congo";"A";"PCLI"
"43";"CH";"Switzerland";"756";"CHE";"SZ";"EU";"Europe";"Bern";"41290.0";"7581000";"CHF";"de-CH,fr-CH,it-CH,rm";"2658434";"5.95661377423453";"47.8098679329775";"10.4934735095497";"45.8191539516188";"####";"Switzerland";"Switzerland";"47.00016";"8.01427";"2658434";"CH";"Switzerland";"A";"PCLI"
"44";"CI";"Ivory Coast";"384";"CIV";"IV";"AF";"Africa";"Yamoussoukro";"322460.0";"21058798";"XOF";"fr-CI";"2287781";"-8.599302";"10.736642";"-2.494897";"4.357067";"";"Republic of CÃ´te dâ€™Ivoire";"Ivory Coast";"8";"-5.5";"2287781";"CI";"Ivory Coast";"A";"PCLI"
"45";"CK";"Cook Islands";"184";"COK";"CW";"OC";"Oceania";"Avarua";"240.0";"21388";"NZD";"en-CK,mi";"1899402";"-161.093658";"-10.023114";"-157.312134";"-21.944164";"";"Cook Islands";"Cook Islands";"-21.24842";"-159.78516";"1899402";"CK";"Cook Islands";"A";"PCLS"
"46";"CL";"Chile";"152";"CHL";"CI";"SA";"South America";"Santiago";"756950.0";"16746491";"CLP";"es-CL";"3895114";"-80.785851";"-17.507553";"-66.417557";"-55.9256225109217";"#######";"Santiago";"Santiago";"-33.45694";"-70.64827";"3871336";"CL";"Chile";"P";"PPLC"
"47";"CM";"Cameroon";"120";"CMR";"CM";"AF";"Africa";"Yaoundé";"475440.0";"19294149";"XAF";"en-CM,fr-CM";"2233387";"8.494763";"13.078056";"16.192116";"1.652548";"";"Republic of Cameroon";"Cameroon";"6";"12.5";"2233387";"CM";"Cameroon";"A";"PCLI"
"48";"CN";"China";"156";"CHN";"CH";"AS";"Asia";"Beijing";"9596960.0";"1330044000";"CNY";"zh-CN,yue,wuu,dta,ug,za";"1814991";"73.557693";"53.56086";"134.773911";"15.775416";"######";"Peopleâ€™s Republic of China";"China";"35";"105";"1814991";"CN";"China";"A";"PCLI"
"49";"CO";"Colombia";"170";"COL";"CO";"SA";"South America";"Bogotá";"1138910.0";"47790000";"COP";"es-CO";"3686110";"-81.728111";"13.380502";"-66.869835";"-4.225869";"######";"Republic of Colombia";"Colombia";"4";"-73.25";"3686110";"CO";"Colombia";"A";"PCLI"
"50";"CR";"Costa Rica";"188";"CRI";"CS";"NA";"North America";"San José";"51100.0";"4516220";"CRC";"es-CR,en";"3624060";"-85.950623";"11.216819";"-82.555992";"8.032975";"#####";"Republic of Costa Rica";"Costa Rica";"10";"-84";"3624060";"CR";"Costa Rica";"A";"PCLI"
"51";"CU";"Cuba";"192";"CUB";"CU";"NA";"North America";"Havana";"110860.0";"11423000";"CUP";"es-CU,pap";"3562981";"-84.957428";"23.226042";"-74.131775";"19.828083";"CP #####";"Republic of Cuba";"Cuba";"22";"-79.5";"3562981";"CU";"Cuba";"A";"PCLI"
"52";"CV";"Cape Verde";"132";"CPV";"CV";"AF";"Africa";"Praia";"4033.0";"508659";"CVE";"pt-CV";"3374766";"-25.358747";"17.197178";"-22.669443";"14.808022";"####";"Republic of Cabo Verde";"Cape Verde";"16";"-24";"3374766";"CV";"Cape Verde";"A";"PCLI"
"53";"CW";"Curacao";"531";"CUW";"UC";"NA";"North America";"Willemstad";"444.0";"141766";"ANG";"nl,pap";"7626836";"-69.157204";"12.385672";"-68.733948";"12.032745";"";"Country of CuraÃ§ao";"CuraÃ§ao";"12.16667";"-68.96667";"7626836";"CW";"Curacao";"A";"PCLIX"
"54";"CX";"Christmas Island";"162";"CXR";"KT";"AS";"Asia";"Flying Fish Cove";"135.0";"1500";"AUD";"en,zh,ms-CC";"2078138";"105.533276992";"-10.412356007";"105.712596992";"-10.5704829995";"####";"Territory of Christmas Island";"Christmas Island";"-10.5";"105.66667";"2078138";"CX";"Christmas Island";"A";"PCLD"
"55";"CY";"Cyprus";"196";"CYP";"CY";"EU";"Europe";"Nicosia";"9250.0";"1102677";"EUR";"el-CY,tr-CY,en";"146669";"32.27308300000004";"35.701527";"34.59791599999994";"34.6332846722908";"####";"Republic of Cyprus";"Cyprus";"35";"33";"146669";"CY";"Cyprus";"A";"PCLI"
"56";"CZ";"Czechia";"203";"CZE";"EZ";"EU";"Europe";"Prague";"78866.0";"10476000";"CZK";"cs,sk";"3077311";"12.096194";"51.058887";"18.860111";"48.542915";"### ##";"Czechia";"Czechia";"49.75";"15";"3077311";"CZ";"Czechia";"A";"PCLI"
"57";"DE";"Germany";"276";"DEU";"GM";"EU";"Europe";"Berlin";"357021.0";"81802257";"EUR";"de";"2921044";"5.86625035072566";"54.9113475100612";"15.0418156516163";"47.2701236047002";"#####";"Federal Republic of Germany";"Germany";"51.5";"10.5";"2921044";"DE";"Germany";"A";"PCLI"
"58";"DJ";"Djibouti";"262";"DJI";"DJ";"AF";"Africa";"Djibouti";"23000.0";"740528";"DJF";"fr-DJ,ar,so-DJ,aa";"223816";"41.773472";"12.706833";"43.416973";"10.909917";"";"Djibouti";"Djibouti";"11.58901";"43.14503";"223817";"DJ";"Djibouti";"P";"PPLC"
"59";"DK";"Denmark";"208";"DNK";"DA";"EU";"Europe";"Copenhagen";"43094.0";"5484000";"DKK";"da-DK,en,fo,de-DK";"2623032";"8.075611";"57.748417";"15.158834";"54.562389";"####";"Kingdom of Denmark";"Denmark";"56";"10";"2623032";"DK";"Denmark";"A";"PCLI"
"60";"DM";"Dominica";"212";"DMA";"DO";"NA";"North America";"Roseau";"754.0";"72813";"XCD";"en-DM";"3575830";"-61.484108";"15.631809";"-61.244152";"15.20169";"";"Dominica";"Dominica";"15.5";"-61.33333";"3575830";"DM";"Dominica";"A";"PCLI"
"61";"DO";"Dominican Republic";"214";"DOM";"DR";"NA";"North America";"Santo Domingo";"48730.0";"9823821";"DOP";"es-DO";"3508796";"-72.003487";"19.929859";"-68.32";"17.543159";"#####";"Dominican Republic";"Dominican Republic";"19";"-70.66667";"3508796";"DO";"Dominican Republic";"A";"PCLI"
"62";"DZ";"Algeria";"012";"DZA";"AG";"AF";"Africa";"Algiers";"2381740.0";"34586184";"DZD";"ar-DZ";"2589581";"-8.673868";"37.093723";"11.979548";"18.960028";"#####";"Peopleâ€™s Democratic Republic of Algeria";"Algeria";"28";"3";"2589581";"DZ";"Algeria";"A";"PCLI"
"63";"EC";"Ecuador";"218";"ECU";"EC";"SA";"South America";"Quito";"283560.0";"14790608";"USD";"es-EC";"3658394";"-81.0836838953894";"1.43523516349953";"-75.1871465547501";"-5.01615732302488";"@####@";"Republic of Ecuador";"Ecuador";"-1.25";"-78.25";"3658394";"EC";"Ecuador";"A";"PCLI"
"64";"EE";"Estonia";"233";"EST";"EN";"EU";"Europe";"Tallinn";"45226.0";"1291170";"EUR";"et,ru";"453733";"21.837584";"59.676224";"28.209972";"57.516193";"#####";"Republic of Estonia";"Estonia";"59";"26";"453733";"EE";"Estonia";"A";"PCLI"
"65";"EG";"Egypt";"818";"EGY";"EG";"AF";"Africa";"Cairo";"1001450.0";"80471869";"EGP";"ar-EG,en,fr";"357994";"24.698111";"31.667334";"36.89833068847656";"21.725389";"#####";"Arab Republic of Egypt";"Egypt";"27";"30";"357994";"EG";"Egypt";"A";"PCLI"
"66";"EH";"Western Sahara";"732";"ESH";"WI";"AF";"Africa";"Laâyoune / El Aaiún";"266000.0";"273008";"MAD";"ar,mey";"2461445";"-17.103182";"27.669674";"-8.670276";"20.774158";"";"Western Sahara";"Western Sahara";"24.49215";"-12.65625";"2461445";"EH";"Western Sahara";"A";"TERR"
"67";"ER";"Eritrea";"232";"ERI";"ER";"AF";"Africa";"Asmara";"121320.0";"5792984";"ERN";"aa-ER,ar,tig,kun,ti-ER";"338010";"36.438778";"18.003084";"43.13464";"12.359555";"";"State of Eritrea";"Eritrea";"15";"39";"338010";"ER";"Eritrea";"A";"PCLI"
"68";"ES";"Spain";"724";"ESP";"SP";"EU";"Europe";"Madrid";"504782.0";"46505963";"EUR";"es-ES,ca,gl,eu,oc";"2510769";"-9.30151567231899";"43.7913565913767";"4.32778473043961";"36.0001044260548";"#####";"Kingdom of Spain";"Spain";"40";"-4";"2510769";"ES";"Spain";"A";"PCLI"
"69";"ET";"Ethiopia";"231";"ETH";"ET";"AF";"Africa";"Addis Ababa";"1127127.0";"88013491";"ETB";"am,en-ET,om-ET,ti-ET,so-ET,sid";"337996";"32.999939";"14.89375";"47.986179";"3.402422";"####";"Federal Democratic Republic of Ethiopia";"Ethiopia";"9";"39.5";"337996";"ET";"Ethiopia";"A";"PCLI"
"70";"FI";"Finland";"246";"FIN";"FI";"EU";"Europe";"Helsinki";"337030.0";"5244000";"EUR";"fi-FI,sv-FI,smn";"660013";"20.556944";"70.096054";"31.580944";"59.808777";"#####";"Republic of Finland";"Finland";"64";"26";"660013";"FI";"Finland";"A";"PCLI"
"71";"FJ";"Fiji";"242";"FJI";"FJ";"OC";"Oceania";"Suva";"18270.0";"875983";"FJD";"en-FJ,fj";"2205218";"177.14038537647912";"-12.479632058714332";"-178.424438";"-20.67597";"";"Republic of Fiji";"Fiji";"-18";"178";"2205218";"FJ";"Fiji";"A";"PCLI"
"72";"FK";"Falkland Islands";"238";"FLK";"FK";"SA";"South America";"Stanley";"12173.0";"2638";"FKP";"en-FK";"3474414";"-61.345192";"-51.24065";"-57.712486";"-52.360512";"";"Falkland Islands (Islas Malvinas)";"Falkland Islands";"-51.75";"-59.16667";"3474414";"FK";"Falkland Islands";"A";"PCLD"
"73";"FM";"Micronesia";"583";"FSM";"FM";"OC";"Oceania";"Palikir";"702.0";"107708";"USD";"en-FM,chk,pon,yap,kos,uli,woe,nkr,kpg";"2081918";"137.33648";"10.08904";"163.03717";"1.02629";"#####";"Federated States of Micronesia";"Micronesia";"6.924";"158.162";"2081918";"FM";"Micronesia";"A";"PCLF"
"74";"FO";"Faroe Islands";"234";"FRO";"FO";"EU";"Europe";"Tórshavn";"1399.0";"48228";"DKK";"fo,da-FO";"2622320";"-7.688191677774624";"62.3938884414274";"-6.25655957192113";"61.3910302656013";"###";"Faroe Islands";"Faroe Islands";"62";"-7";"2622320";"FO";"Faroe Islands";"A";"PCLD"
"75";"FR";"France";"250";"FRA";"FR";"EU";"Europe";"Paris";"547030.0";"64768389";"EUR";"fr-FR,frp,br,co,ca,eu,oc";"3017382";"-5.1389964684508";"51.0890012279322";"9.5596148665824";"41.3658213299999";"#####";"Republic of France";"France";"46";"2";"3017382";"FR";"France";"A";"PCLI"
"76";"GA";"Gabon";"266";"GAB";"GB";"AF";"Africa";"Libreville";"267667.0";"1545255";"XAF";"fr-GA";"2400553";"8.695471";"2.322612";"14.502347";"-3.978806";"";"Gabonese Republic";"Gabon";"-1";"11.75";"2400553";"GA";"Gabon";"A";"PCLI"
"77";"GB";"United Kingdom";"826";"GBR";"UK";"EU";"Europe";"London";"244820.0";"62348447";"GBP";"en-GB,cy-GB,gd";"2635167";"-8.623555";"59.360249";"1.759";"49.906193";"@# #@@|@## #@@|@@# #@@|@@## #@@|@#@ #@@|@@#@ #@@|GIR0AA";"United Kingdom of Great Britain and Northern Ireland";"United Kingdom";"54.75844";"-2.69531";"2635167";"GB";"United Kingdom";"A";"PCLI"
"78";"GD";"Grenada";"308";"GRD";"GJ";"NA";"North America";"St. George's";"344.0";"107818";"XCD";"en-GD";"3580239";"-61.802344";"12.318283928171299";"-61.57676970108031";"11.986893";"";"Grenada";"Grenada";"12.11667";"-61.66667";"3580239";"GD";"Grenada";"A";"PCLI"
"79";"GE";"Georgia";"268";"GEO";"GG";"AS";"Asia";"Tbilisi";"69700.0";"4630000";"GEL";"ka,ru,hy,az";"614540";"40.010139";"43.586498";"46.725971";"41.053196";"####";"Georgia";"Georgia";"41.99998";"43.4999";"614540";"GE";"Georgia";"A";"PCLI"
"80";"GF";"French Guiana";"254";"GUF";"FG";"SA";"South America";"Cayenne";"91000.0";"195506";"EUR";"fr-GF";"3381670";"-54.542511";"5.776496";"-51.613949";"2.127094";"#####";"Guyane";"French Guiana";"4";"-53";"3381670";"GF";"French Guiana";"A";"PCLD"
"81";"GG";"Guernsey";"831";"GGY";"GK";"EU";"Europe";"St Peter Port";"78.0";"65228";"GBP";"en,nrf";"3042362";"-2.673194593476069";"49.731727816705416";"-2.1577152112246267";"49.40764156876899";"@# #@@|@## #@@|@@# #@@|@@## #@@|@#@ #@@|@@#@ #@@|GIR0AA";"Bailiwick of Guernsey";"Guernsey";"49.45474";"-2.57629";"3042362";"GG";"Guernsey";"A";"PCL"
"82";"GH";"Ghana";"288";"GHA";"GH";"AF";"Africa";"Accra";"239460.0";"24339838";"GHS";"en-GH,ak,ee,tw";"2300660";"-3.25542";"11.173301";"1.191781";"4.736723";"";"Republic of Ghana";"Ghana";"8.1";"-1.2";"2300660";"GH";"Ghana";"A";"PCLI"
"83";"GI";"Gibraltar";"292";"GIB";"GI";"EU";"Europe";"Gibraltar";"6.5";"27884";"GIP";"en-GI,es,it,pt";"2411586";"-5.36626149743654";"36.155439135670726";"-5.338285164001491";"36.10903070140248";"";"Gibraltar";"Gibraltar";"36.14474";"-5.35257";"2411585";"GI";"Gibraltar";"P";"PPLC"
"84";"GL";"Greenland";"304";"GRL";"GL";"NA";"North America";"Nuuk";"2166086.0";"56375";"DKK";"kl,da-GL,en";"3425505";"-73.04203";"83.627357";"-11.312319";"59.777401";"####";"Greenland";"Greenland";"72";"-40";"3425505";"GL";"Greenland";"A";"PCLD"
"85";"GM";"Gambia";"270";"GMB";"GA";"AF";"Africa";"Bathurst";"11300.0";"1593256";"GMD";"en-GM,mnk,wof,wo,ff";"2413451";"-16.825079";"13.826571";"-13.797793";"13.064252";"";"Gambia";"Gambia";"13.5";"-15.5";"2413451";"GM";"Gambia";"A";"PCLI"
"86";"GN";"Guinea";"324";"GIN";"GV";"AF";"Africa";"Conakry";"245857.0";"10324025";"GNF";"fr-GN";"2420477";"-14.926619";"12.67622";"-7.641071";"7.193553";"";"Republic of Guinea";"Guinea";"10.83333";"-10.66667";"2420477";"GN";"Guinea";"A";"PCLI"
"87";"GP";"Guadeloupe";"312";"GLP";"GP";"NA";"North America";"Basse-Terre";"1780.0";"443000";"EUR";"fr-GP";"3579143";"-61.544765";"16.516848";"-61.0";"15.867565";"#####";"Guadeloupe";"Guadeloupe";"16.25";"-61.58333";"3579143";"GP";"Guadeloupe";"A";"PCLD"
"88";"GQ";"Equatorial Guinea";"226";"GNQ";"EK";"AF";"Africa";"Malabo";"28051.0";"1014999";"XAF";"es-GQ,fr";"2309096";"9.346865";"2.346989";"11.335724";"0.92086";"";"Republic of Equatorial Guinea";"Equatorial Guinea";"1.7";"10.5";"2309096";"GQ";"Equatorial Guinea";"A";"PCLI"
"89";"GR";"Greece";"300";"GRC";"GR";"EU";"Europe";"Athens";"131940.0";"11000000";"EUR";"el-GR,en,fr";"390903";"19.3736035624134";"41.7484999849641";"28.2470831714347";"34.8020663391466";"### ##";"Hellenic Republic";"Greece";"39";"22";"390903";"GR";"Greece";"A";"PCLI"
"90";"GS";"South Georgia and the South Sandwich Islands";"239";"SGS";"SX";"AN";"Antarctica";"Grytviken";"3903.0";"30";"GBP";"en";"3474415";"-38.021175";"-53.970467";"-26.229326";"-59.479259";"";"South Georgia and the South Sandwich Islands";"South Georgia and South Sandwich Islands";"-56";"-33";"3474415";"GS";"South Georgia and the South Sandwich Islands";"A";"PCLD"
"91";"GT";"Guatemala";"320";"GTM";"GT";"NA";"North America";"Guatemala City";"108890.0";"13550440";"GTQ";"es-GT";"3595528";"-92.23629";"17.81522";"-88.223198";"13.737302";"#####";"Guatemala City";"Guatemala City";"14.64072";"-90.51327";"3598132";"GT";"Guatemala";"P";"PPLC"
"92";"GU";"Guam";"316";"GUM";"GQ";"OC";"Oceania";"Hagåtña";"549.0";"159358";"USD";"en-GU,ch-GU";"4043988";"144.61806";"13.654402";"144.956894";"13.23376";"969##";"Guam";"Guam";"13.47861";"144.81834";"4043988";"GU";"Guam";"A";"PCLD"
"93";"GW";"Guinea-Bissau";"624";"GNB";"PU";"AF";"Africa";"Bissau";"36120.0";"1565126";"XOF";"pt-GW,pov";"2372248";"-16.717535";"12.680789";"-13.636522";"10.924265";"####";"Republic of Guinea-Bissau";"Guinea-Bissau";"12";"-15";"2372248";"GW";"Guinea-Bissau";"A";"PCLI"
"94";"GY";"Guyana";"328";"GUY";"GY";"SA";"South America";"Georgetown";"214970.0";"748486";"GYD";"en-GY";"3378535";"-61.384762";"8.557567";"-56.480251";"1.17508";"";"Co-operative Republic of Guyana";"Guyana";"5";"-59";"3378535";"GY";"Guyana";"A";"PCLI"
"95";"HK";"Hong Kong";"344";"HKG";"HK";"AS";"Asia";"Hong Kong";"1092.0";"6898686";"HKD";"zh-HK,yue,zh,en";"1819730";"113.837753";"22.559778";"114.434753";"22.15325";"";"Hong Kong";"Hong Kong";"22.28552";"114.15769";"1819729";"HK";"Hong Kong";"P";"PPLC"
"96";"HM";"Heard Island and McDonald Islands";"334";"HMD";"HM";"AN";"Antarctica";"";"412.0";"0";"AUD";"";"1547314";"72.596535";"-52.909416";"73.859146";"-53.192001";"";"Territory of Heard Island and McDonald Islands";"Heard Island and McDonald Islands";"-53.11711";"73.50952";"1547314";"HM";"Heard Island and McDonald Islands";"A";"PCLD"
"97";"HN";"Honduras";"340";"HND";"HO";"NA";"North America";"Tegucigalpa";"112090.0";"7989415";"HNL";"es-HN,cab,miq";"3608932";"-89.350792";"16.510256";"-83.155403";"12.982411";"@@####";"Republic of Honduras";"Honduras";"15";"-86.5";"3608932";"HN";"Honduras";"A";"PCLI"
"98";"HR";"Croatia";"191";"HRV";"HR";"EU";"Europe";"Zagreb";"56542.0";"4284889";"HRK";"hr-HR,sr";"3202326";"13.493222";"46.53875";"19.427389";"42.43589";"#####";"Republic of Croatia";"Croatia";"45.16667";"15.5";"3202326";"HR";"Croatia";"A";"PCLI"
"99";"HT";"Haiti";"332";"HTI";"HA";"NA";"North America";"Port-au-Prince";"27750.0";"9648924";"HTG";"ht,fr-HT";"3723988";"-74.478584";"20.08782";"-71.613358";"18.021032";"HT####";"Republic of Haiti";"Haiti";"19";"-72.41667";"3723988";"HT";"Haiti";"A";"PCLI"
"100";"HU";"Hungary";"348";"HUN";"HU";"EU";"Europe";"Budapest";"93030.0";"9982000";"HUF";"hu-HU";"719819";"16.111889";"48.585667";"22.906";"45.74361";"####";"Hungary";"Hungary";"47";"20";"719819";"HU";"Hungary";"A";"PCLI"
"101";"ID";"Indonesia";"360";"IDN";"ID";"AS";"Asia";"Jakarta";"1919440.0";"242968342";"IDR";"id,en,nl,jv";"1643084";"95.009331";"5.904417";"141.021805";"-10.941861";"#####";"Republic of Indonesia";"Indonesia";"-5";"120";"1643084";"ID";"Indonesia";"A";"PCLI"
"102";"IE";"Ireland";"372";"IRL";"EI";"EU";"Europe";"Dublin";"70280.0";"4622917";"EUR";"en-IE,ga-IE";"2963597";"-10.478556";"55.387917";"-6.002389";"51.451584";"@@@ @@@@";"Ireland";"Ireland";"53";"-8";"2963597";"IE";"Ireland";"A";"PCLI"
"103";"IL";"Israel";"376";"ISR";"IS";"AS";"Asia";"";"20770.0";"7353985";"ILS";"he,ar-IL,en-IL,";"294640";"34.270278754419145";"33.340137";"35.876804";"29.496639";"#####";"State of Israel";"Israel";"31.5";"34.75";"294640";"IL";"Israel";"A";"PCLI"
"104";"IM";"Isle of Man";"833";"IMN";"IM";"EU";"Europe";"Douglas";"572.0";"75049";"GBP";"en,gv";"3042225";"-4.798722";"54.419724";"-4.3115";"54.055916";"@# #@@|@## #@@|@@# #@@|@@## #@@|@#@ #@@|@@#@ #@@|GIR0AA";"Douglas";"Douglas";"54.15";"-4.48333";"3042237";"IM";"Isle of Man";"P";"PPLC"
"105";"IN";"India";"356";"IND";"IN";"AS";"Asia";"New Delhi";"3287590.0";"1173108018";"INR";"en-IN,hi,bn,te,mr,ta,ur,gu,kn,ml,or,pa,as,bh,sat,ks,ne,sd,kok,doi,mni,sit,sa,fr,lus,inc";"1269750";"68.186691";"35.504223";"97.403305";"6.747139";"######";"Republic of India";"India";"22";"79";"1269750";"IN";"India";"A";"PCLI"
"106";"IO";"British Indian Ocean Territory";"086";"IOT";"IO";"AS";"Asia";"";"60.0";"4000";"USD";"en-IO";"1282588";"71.259972";"-5.268333";"72.493164";"-7.438028";"";"British Indian Ocean Territory";"British Indian Ocean Territory";"-6";"72";"1282588";"IO";"British Indian Ocean Territory";"A";"PCLD"
"107";"IQ";"Iraq";"368";"IRQ";"IZ";"AS";"Asia";"Baghdad";"437072.0";"29671605";"IQD";"ar-IQ,ku,hy";"99237";"38.795887";"37.378029";"48.575916";"29.069445";"#####";"Republic of Iraq";"Iraq";"33";"44";"99237";"IQ";"Iraq";"A";"PCLI"
"108";"IR";"Iran";"364";"IRN";"IR";"AS";"Asia";"Tehran";"1648000.0";"76923300";"IRR";"fa-IR,ku";"130758";"44.047279";"39.777222";"63.317471";"25.064083";"##########";"Islamic Republic of Iran";"Iran";"32";"53";"130758";"IR";"Iran";"A";"PCLI"
"109";"IS";"Iceland";"352";"ISL";"IC";"EU";"Europe";"Reykjavik";"103000.0";"308910";"ISK";"is,en,de,da,sv,no";"2629691";"-24.546524";"66.53463";"-13.495815";"63.393253";"###";"Republic of Iceland";"Iceland";"65";"-18";"2629691";"IS";"Iceland";"A";"PCLI"
"110";"IT";"Italy";"380";"ITA";"IT";"EU";"Europe";"Rome";"301230.0";"60340328";"EUR";"it-IT,de-IT,fr-IT,sc,ca,co,sl";"3175395";"6.62662135986088";"47.0917837415439";"18.5203814091888";"36.6440816661648";"#####";"Repubblica Italiana";"Italy";"42.83333";"12.83333";"3175395";"IT";"Italy";"A";"PCLI"
"111";"JE";"Jersey";"832";"JEY";"JE";"EU";"Europe";"Saint Helier";"116.0";"90812";"GBP";"en,fr,nrf";"3042142";"-2.260028";"49.265057";"-2.022083";"49.169834";"@# #@@|@## #@@|@@# #@@|@@## #@@|@#@ #@@|@@#@ #@@|GIR0AA";"Bailiwick of Jersey";"Jersey";"49.21667";"-2.11667";"3042142";"JE";"Jersey";"A";"PCL"
"112";"JM";"Jamaica";"388";"JAM";"JM";"NA";"North America";"Kingston";"10991.0";"2847232";"JMD";"en-JM";"3489940";"-78.366638";"18.526976";"-76.180321";"17.703554";"";"Jamaica";"Jamaica";"18.16667";"-77.25";"3489940";"JM";"Jamaica";"A";"PCLI"
"113";"JO";"Jordan";"400";"JOR";"JO";"AS";"Asia";"Amman";"92300.0";"6407085";"JOD";"ar-JO,en";"248816";"34.959999";"33.367668";"39.301167";"29.185888";"#####";"Hashemite Kingdom of Jordan";"Jordan";"31";"36";"248816";"JO";"Jordan";"A";"PCLI"
"114";"JP";"Japan";"392";"JPN";"JA";"AS";"Asia";"Tokyo";"377835.0";"127288000";"JPY";"ja";"1861060";"122.93853";"45.52314";"145.820892";"24.249472";"###-####";"Japan";"Japan";"35.68536";"139.75309";"1861060";"JP";"Japan";"A";"PCLI"
"115";"KE";"Kenya";"404";"KEN";"KE";"AF";"Africa";"Nairobi";"582650.0";"40046566";"KES";"en-KE,sw-KE";"192950";"33.908859";"5.019938";"41.899078";"-4.678047";"#####";"Republic of Kenya";"Kenya";"1";"38";"192950";"KE";"Kenya";"A";"PCLI"
"116";"KG";"Kyrgyzstan";"417";"KGZ";"KG";"AS";"Asia";"Bishkek";"198500.0";"5776500";"KGS";"ky,uz,ru";"1527747";"69.276611";"43.238224";"80.283165";"39.172832";"######";"Kyrgyz Republic";"Kyrgyzstan";"41.5";"75";"1527747";"KG";"Kyrgyzstan";"A";"PCLI"
"117";"KH";"Cambodia";"116";"KHM";"CB";"AS";"Asia";"Phnom Penh";"181040.0";"14453680";"KHR";"km,fr,en";"1831722";"102.339996";"14.686417";"107.627724";"10.409083";"#####";"Kingdom of Cambodia";"Cambodia";"13";"105";"1831722";"KH";"Cambodia";"A";"PCLI"
"118";"KI";"Kiribati";"296";"KIR";"KR";"OC";"Oceania";"Tarawa";"811.0";"92533";"AUD";"en-KI,gil";"4030945";"169.556137";"4.71957";"-150.215347";"-11.446881150186856";"";"Republic of Kiribati";"Kiribati";"1.421";"172.984";"4030945";"KI";"Kiribati";"A";"PCLI"
"119";"KM";"Comoros";"174";"COM";"CN";"AF";"Africa";"Moroni";"2170.0";"773407";"KMF";"ar,fr-KM";"921929";"43.21579";"-11.362381";"44.538223";"-12.387857";"";"Union of the Comoros";"Comoros";"-12.23333";"44.44553";"921929";"KM";"Comoros";"A";"PCLI"
"120";"KN";"Saint Kitts and Nevis";"659";"KNA";"SC";"NA";"North America";"Basseterre";"261.0";"51134";"XCD";"en-KN";"3575174";"-62.86956";"17.420118";"-62.543266";"17.095343";"";"Federation of Saint Kitts and Nevis";"Saint Kitts and Nevis";"17.33333";"-62.75";"3575174";"KN";"Saint Kitts and Nevis";"A";"PCLI"
"121";"KP";"North Korea";"408";"PRK";"KN";"AS";"Asia";"Pyongyang";"120540.0";"22912177";"KPW";"ko-KP";"1873107";"124.315887";"43.006054";"130.674866";"37.673332";"###-###";"Democratic Peopleâ€™s Republic of Korea";"North Korea";"40";"127";"1873107";"KP";"North Korea";"A";"PCLI"
"122";"KR";"South Korea";"410";"KOR";"KS";"AS";"Asia";"Seoul";"98480.0";"48422644";"KRW";"ko-KR,en";"1835841";"125.887108";"38.612446";"129.584671";"33.190945";"SEOUL ###-###";"Republic of Korea";"South Korea";"36.5";"127.75";"1835841";"KR";"South Korea";"A";"PCLI"
"123";"KW";"Kuwait";"414";"KWT";"KU";"AS";"Asia";"Kuwait City";"17820.0";"2789132";"KWD";"ar-KW,en";"285570";"46.555557";"30.095945";"48.431473";"28.524611";"#####";"State of Kuwait";"Kuwait";"29.5";"47.75";"285570";"KW";"Kuwait";"A";"PCLI"
"124";"KY";"Cayman Islands";"136";"CYM";"CJ";"NA";"North America";"George Town";"262.0";"44270";"KYD";"en-KY";"3580718";"-81.432777";"19.7617";"-79.727272";"19.263029";"";"Cayman Islands";"Cayman Islands";"19.5";"-80.66667";"3580718";"KY";"Cayman Islands";"A";"PCLD"
"125";"KZ";"Kazakhstan";"398";"KAZ";"KZ";"AS";"Asia";"Astana";"2717300.0";"15340000";"KZT";"kk,ru";"1522867";"46.491859";"55.451195";"87.312668";"40.936333";"######";"Republic of Kazakhstan";"Kazakhstan";"48";"68";"1522867";"KZ";"Kazakhstan";"A";"PCLI"
"126";"LA";"Laos";"418";"LAO";"LA";"AS";"Asia";"Vientiane";"236800.0";"6368162";"LAK";"lo,fr,en";"1655842";"100.093056";"22.500389";"107.697029";"13.910027";"#####";"Lao Peopleâ€™s Democratic Republic";"Laos";"18";"105";"1655842";"LA";"Laos";"A";"PCLI"
"127";"LB";"Lebanon";"422";"LBN";"LE";"AS";"Asia";"Beirut";"10400.0";"4125247";"LBP";"ar-LB,fr-LB,en,hy";"272103";"35.114277";"34.691418";"36.639194";"33.05386";"#### ####|####";"Lebanon";"Lebanon";"33.83333";"35.83333";"272103";"LB";"Lebanon";"A";"PCLI"
"128";"LC";"Saint Lucia";"662";"LCA";"ST";"NA";"North America";"Castries";"616.0";"160922";"XCD";"en-LC";"3576468";"-61.07995730159752";"14.110317287646";"-60.8732306422271";"13.7072692224982";"";"Saint Lucia";"Saint Lucia";"13.88333";"-60.96667";"3576468";"LC";"Saint Lucia";"A";"PCLI"
"129";"LI";"Liechtenstein";"438";"LIE";"LS";"EU";"Europe";"Vaduz";"160.0";"35000";"CHF";"de-LI";"3042058";"9.47167359782014";"47.2706251386959";"9.63564281136796";"47.0484284123471";"####";"Principality of Liechtenstein";"Liechtenstein";"47.16667";"9.53333";"3042058";"LI";"Liechtenstein";"A";"PCLI"
"130";"LK";"Sri Lanka";"144";"LKA";"CE";"AS";"Asia";"Colombo";"65610.0";"21513990";"LKR";"si,ta,en";"1227603";"79.652916";"9.831361";"81.881279";"5.916833";"#####";"Democratic Socialist Republic of Sri Lanka";"Sri Lanka";"7.75";"80.75";"1227603";"LK";"Sri Lanka";"A";"PCLI"
"131";"LR";"Liberia";"430";"LBR";"LI";"AF";"Africa";"Monrovia";"111370.0";"3685076";"LRD";"en-LR";"2275384";"-11.492083";"8.551791";"-7.365113";"4.353057";"####";"Republic of Liberia";"Liberia";"6.5";"-9.5";"2275384";"LR";"Liberia";"A";"PCLI"
"132";"LS";"Lesotho";"426";"LSO";"LT";"AF";"Africa";"Maseru";"30355.0";"1919552";"LSL";"en-LS,st,zu,xh";"932692";"27.029068";"-28.572058";"29.465761";"-30.668964";"###";"Kingdom of Lesotho";"Lesotho";"-29.5";"28.25";"932692";"LS";"Lesotho";"A";"PCLI"
"133";"LT";"Lithuania";"440";"LTU";"LH";"EU";"Europe";"Vilnius";"65200.0";"2944459";"EUR";"lt,ru,pl";"597427";"20.941528";"56.446918";"26.871944";"53.901306";"LT-#####";"Republic of Lithuania";"Lithuania";"55.41667";"24";"597427";"LT";"Lithuania";"A";"PCLI"
"134";"LU";"Luxembourg";"442";"LUX";"LU";"EU";"Europe";"Luxembourg";"2586.0";"497538";"EUR";"lb,de-LU,fr-LU";"2960313";"5.735698938390786";"50.182772453796446";"6.5308980672559525";"49.447858677765716";"L-####";"Luxembourg";"Luxembourg";"49.61167";"6.13";"2960316";"LU";"Luxembourg";"P";"PPLC"
"135";"LV";"Latvia";"428";"LVA";"LG";"EU";"Europe";"Riga";"64589.0";"2217969";"EUR";"lv,ru,lt";"458258";"20.9719557460935";"58.0856982477268";"28.2412717372783";"55.6747774931332";"LV-####";"Republic of Latvia";"Latvia";"57";"25";"458258";"LV";"Latvia";"A";"PCLI"
"136";"LY";"Libya";"434";"LBY";"LY";"AF";"Africa";"Tripoli";"1759540.0";"6461454";"LYD";"ar-LY,it,en";"2215636";"9.38702";"33.168999";"25.150612";"19.508045";"";"Libya";"Libya";"28";"17";"2215636";"LY";"Libya";"A";"PCLI"
"137";"MA";"Morocco";"504";"MAR";"MO";"AF";"Africa";"Rabat";"446550.0";"33848242";"MAD";"ar-MA,ber,fr";"2542007";"-13.168586";"35.9224966985384";"-0.991750000000025";"27.662115";"#####";"Kingdom of Morocco";"Morocco";"32";"-6";"2542007";"MA";"Morocco";"A";"PCLI"
"138";"MC";"Monaco";"492";"MCO";"MN";"EU";"Europe";"Monaco";"1.95";"32965";"EUR";"fr-MC,en,it";"2993457";"7.408962249755859";"43.75196717037228";"7.439939260482788";"43.72472839869377";"#####";"Monaco";"Monaco";"43.73333";"7.41667";"2993458";"MC";"Monaco";"P";"PPLC"
"139";"MD";"Moldova";"498";"MDA";"MD";"EU";"Europe";"Chisinau";"33843.0";"4324000";"MDL";"ro,ru,gag,tr";"617790";"26.618944";"48.490166";"30.135445";"45.468887";"MD-####";"Republic of Moldova";"Moldova";"47.25";"28.58333";"617790";"MD";"Moldova";"A";"PCLI"
"140";"ME";"Montenegro";"499";"MNE";"MJ";"EU";"Europe";"Podgorica";"14026.0";"666730";"EUR";"sr,hu,bs,sq,hr,rom";"3194884";"18.461306";"43.570137";"20.358833";"41.850166";"#####";"Montenegro";"Montenegro";"42.75";"19.25";"3194884";"ME";"Montenegro";"A";"PCLI"
"141";"MF";"Saint Martin";"663";"MAF";"RN";"NA";"North America";"Marigot";"53.0";"35925";"EUR";"fr";"3578421";"-63.152767";"18.130354";"-63.012993";"18.052231";"#####";"Saint-Martin";"Saint Martin";"18.06667";"-63.06667";"3578421";"MF";"Saint Martin";"A";"PCLIX"
"142";"MG";"Madagascar";"450";"MDG";"MA";"AF";"Africa";"Antananarivo";"587040.0";"21281844";"MGA";"fr-MG,mg";"1062947";"43.224876";"-11.945433";"50.48378";"-25.608952";"###";"Republic of Madagascar";"Madagascar";"-20";"47";"1062947";"MG";"Madagascar";"A";"PCLI"
"143";"MH";"Marshall Islands";"584";"MHL";"RM";"OC";"Oceania";"Majuro";"181.3";"65859";"USD";"mh,en-MH";"2080185";"165.524918";"14.62";"171.931808";"5.587639";"#####-####";"Republic of the Marshall Islands";"Marshall Islands";"7.113";"171.236";"2080185";"MH";"Marshall Islands";"A";"PCLF"
"144";"MK";"Macedonia";"807";"MKD";"MK";"EU";"Europe";"Skopje";"25333.0";"2062294";"MKD";"mk,sq,tr,rmm,sr";"718075";"20.464695";"42.361805";"23.038139";"40.860195";"####";"Republic of Macedonia";"Macedonia";"41.66667";"21.75";"718075";"MK";"Macedonia";"A";"PCLI"
"145";"ML";"Mali";"466";"MLI";"ML";"AF";"Africa";"Bamako";"1240000.0";"13796354";"XOF";"fr-ML,bm";"2453866";"-12.242614";"25.000002";"4.244968";"10.159513";"";"Republic of Mali";"Mali";"18";"-2";"2453866";"ML";"Mali";"A";"PCLI"
"146";"MM";"Myanmar [Burma]";"104";"MMR";"BM";"AS";"Asia";"Naypyitaw";"678500.0";"53414374";"MMK";"my";"1327865";"92.189278";"28.543249";"101.176781";"9.784583";"#####";"Union of Burma";"Myanmar [Burma]";"21";"96";"1327865";"MM";"Myanmar [Burma]";"A";"PCLI"
"147";"MN";"Mongolia";"496";"MNG";"MG";"AS";"Asia";"Ulan Bator";"1565000.0";"3086918";"MNT";"mn,ru";"2029969";"87.749664";"52.154251";"119.924309";"41.567638";"######";"Mongolia";"Mongolia";"46";"105";"2029969";"MN";"Mongolia";"A";"PCLI"
"148";"MO";"Macao";"446";"MAC";"MC";"AS";"Asia";"Macao";"254.0";"449198";"MOP";"zh,zh-MO,pt";"1821275";"113.528946";"22.222334";"113.565834";"22.180389";"";"Macau";"Macao";"22.20056";"113.54611";"1821274";"MO";"Macao";"P";"PPLC"
"149";"MP";"Northern Mariana Islands";"580";"MNP";"CQ";"OC";"Oceania";"Saipan";"477.0";"53883";"USD";"fil,tl,zh,ch-MP,en-MP";"4041468";"144.88626";"20.55344";"146.06528";"14.11023";"#####";"Mount Agrihan";"Mount Agrihan";"18.7676";"145.673";"7778748";"MP";"Northern Mariana Islands";"T";"MT"
"150";"MQ";"Martinique";"474";"MTQ";"MB";"NA";"North America";"Fort-de-France";"1100.0";"432900";"EUR";"fr-MQ";"3570311";"-61.230118";"14.878819";"-60.81551";"14.392262";"#####";"Martinique";"Martinique";"14.66667";"-61";"3570311";"MQ";"Martinique";"A";"PCLD"
"151";"MR";"Mauritania";"478";"MRT";"MR";"AF";"Africa";"Nouakchott";"1030700.0";"3205060";"MRO";"ar-MR,fuc,snk,fr,mey,wo";"2378080";"-17.066521";"27.298073";"-4.827674";"14.715547";"";"Islamic Republic of Mauritania";"Mauritania";"20.25";"-10.5";"2378080";"MR";"Mauritania";"A";"PCLI"
"152";"MS";"Montserrat";"500";"MSR";"MH";"NA";"North America";"Plymouth";"102.0";"9341";"XCD";"en-MS";"3578097";"-62.24138237036129";"16.824060205313184";"-62.144100129608205";"16.674768935441556";"";"Montserrat";"Montserrat";"16.75";"-62.2";"3578097";"MS";"Montserrat";"A";"PCLD"
"153";"MT";"Malta";"470";"MLT";"MT";"EU";"Europe";"Valletta";"316.0";"403000";"EUR";"mt,en-MT";"2562770";"14.1834251000001";"36.0821530995456";"14.5764915000002";"35.8061835000002";"@@@ ####";"Republic of Malta";"Malta";"35.91667";"14.43333";"2562770";"MT";"Malta";"A";"PCLI"
"154";"MU";"Mauritius";"480";"MUS";"MP";"AF";"Africa";"Port Louis";"2040.0";"1294104";"MUR";"en-MU,bho,fr";"934292";"56.512718";"-10.319255";"63.500179";"-20.525717";"";"Republic of Mauritius";"Mauritius";"-20.3";"57.58333";"934292";"MU";"Mauritius";"A";"PCLI"
"155";"MV";"Maldives";"462";"MDV";"MV";"AS";"Asia";"Malé";"300.0";"395650";"MVR";"dv,en";"1282028";"72.693222";"7.091587495414767";"73.637276";"-0.692694";"#####";"Republic of Maldives";"Maldives";"3.2";"73";"1282028";"MV";"Maldives";"A";"PCLI"
"156";"MW";"Malawi";"454";"MWI";"MI";"AF";"Africa";"Lilongwe";"118480.0";"15447500";"MWK";"ny,yao,tum,swk";"927384";"32.67395";"-9.367541";"35.916821";"-17.125";"";"Republic of Malawi";"Malawi";"-13.5";"34";"927384";"MW";"Malawi";"A";"PCLI"
"157";"MX";"Mexico";"484";"MEX";"MX";"NA";"North America";"Mexico City";"1972550.0";"112468855";"MXN";"es-MX";"3996063";"-118.453949";"32.716759";"-86.703392";"14.532866";"#####";"Mexico City";"Mexico City";"19.42847";"-99.12766";"3530597";"MX";"Mexico";"P";"PPLC"
"158";"MY";"Malaysia";"458";"MYS";"MY";"AS";"Asia";"Kuala Lumpur";"329750.0";"28274729";"MYR";"ms-MY,en,zh,ta,te,ml,pa,th";"1733045";"99.643448";"7.363417";"119.267502";"0.855222";"#####";"Malaysia";"Malaysia";"2.5";"112.5";"1733045";"MY";"Malaysia";"A";"PCLI"
"159";"MZ";"Mozambique";"508";"MOZ";"MZ";"AF";"Africa";"Maputo";"801590.0";"22061451";"MZN";"pt-MZ,vmw";"1036973";"30.217319";"-10.471883";"40.842995";"-26.868685";"####";"Republic of Mozambique";"Mozambique";"-18.25";"35";"1036973";"MZ";"Mozambique";"A";"PCLI"
"160";"NA";"Namibia";"516";"NAM";"WA";"AF";"Africa";"Windhoek";"825418.0";"2128471";"NAD";"en-NA,af,de,hz,naq";"3355338";"11.71563";"-16.959894";"25.256701";"-28.97143";"";"Republic of Namibia";"Namibia";"-22";"17";"3355338";"NA";"Namibia";"A";"PCLI"
"161";"NC";"New Caledonia";"540";"NCL";"NC";"OC";"Oceania";"Noumea";"19060.0";"216494";"XPF";"fr-NC";"2139685";"163.564667";"-19.549778";"168.129135";"-22.698";"#####";"Nouvelle-CalÃ©donie";"New Caledonia";"-21.5";"165.5";"2139685";"NC";"New Caledonia";"A";"PCLD"
"162";"NE";"Niger";"562";"NER";"NG";"AF";"Africa";"Niamey";"1267000.0";"15878271";"XOF";"fr-NE,ha,kr,dje";"2440476";"0.16625";"23.525026";"15.995643";"11.696975";"####";"Republic of Niger";"Niger";"18";"9";"2440476";"NE";"Niger";"A";"PCLI"
"163";"NF";"Norfolk Island";"574";"NFK";"NF";"OC";"Oceania";"Kingston";"34.6";"1828";"AUD";"en-NF";"2155115";"167.91543230151365";"-28.995170686948427";"167.99773740209957";"-29.063076742954735";"####";"Territory of Norfolk Island";"Norfolk Island";"-29.03333";"167.95";"2155115";"NF";"Norfolk Island";"A";"PCLD"
"164";"NG";"Nigeria";"566";"NGA";"NI";"AF";"Africa";"Abuja";"923768.0";"154000000";"NGN";"en-NG,ha,yo,ig,ff";"2328926";"2.668432";"13.892007";"14.680073";"4.277144";"######";"Federal Republic of Nigeria";"Nigeria";"10";"8";"2328926";"NG";"Nigeria";"A";"PCLI"
"165";"NI";"Nicaragua";"558";"NIC";"NU";"NA";"North America";"Managua";"129494.0";"5995928";"NIO";"es-NI,en";"3617476";"-87.690308";"15.025909";"-82.738289";"10.707543";"###-###-#";"Republic of Nicaragua";"Nicaragua";"13";"-85";"3617476";"NI";"Nicaragua";"A";"PCLI"
"166";"NL";"Netherlands";"528";"NLD";"NL";"EU";"Europe";"Amsterdam";"41526.0";"16645000";"EUR";"nl-NL,fy-NL";"2750405";"3.362556";"53.512196";"7.227944";"50.753918";"#### @@";"Kingdom of the Netherlands";"Netherlands";"52.25";"5.75";"2750405";"NL";"Netherlands";"A";"PCLI"
"167";"NO";"Norway";"578";"NOR";"NO";"EU";"Europe";"Oslo";"324220.0";"5009150";"NOK";"no,nb,nn,se,fi";"3144096";"4.650167";"71.18811";"31.078052520751953";"57.977917";"####";"Kingdom of Norway";"Norway";"62";"10";"3144096";"NO";"Norway";"A";"PCLI"
"168";"NP";"Nepal";"524";"NPL";"NP";"AS";"Asia";"Kathmandu";"140800.0";"28951852";"NPR";"ne,en";"1282988";"80.056274";"30.43339";"88.199333";"26.356722";"#####";"Federal Democratic Republic of Nepal";"Nepal";"28";"84";"1282988";"NP";"Nepal";"A";"PCLI"
"169";"NR";"Nauru";"520";"NRU";"NR";"OC";"Oceania";"Yaren";"21.0";"10065";"AUD";"na,en-NR";"2110425";"166.899033";"-0.504306";"166.945282";"-0.552333";"";"Nauru";"Nauru";"-0.517";"166.933";"2110425";"NR";"Nauru";"A";"PCLI"
"170";"NU";"Niue";"570";"NIU";"NE";"OC";"Oceania";"Alofi";"260.0";"2166";"NZD";"niu,en-NU";"4036232";"-169.951004";"-18.951069";"-169.775177";"-19.152193";"";"Niue";"Niue";"-19.03333";"-169.86667";"4036232";"NU";"Niue";"A";"PCLS"
"171";"NZ";"New Zealand";"554";"NZL";"NZ";"OC";"Oceania";"Wellington";"268680.0";"4252277";"NZD";"en-NZ,mi";"2186224";"166.7155";"-34.389668";"-180.0";"-47.286026";"####";"Australia and New Zealand";"Australia and New Zealand";"-27.83908";"143.26172";"7729898";"NULL";"NULL";"L";"RGN"
"172";"OM";"Oman";"512";"OMN";"MU";"AS";"Asia";"Muscat";"212460.0";"2967717";"OMR";"ar-OM,en,bal,ur";"286963";"51.882";"26.387972";"59.836582";"16.64575";"###";"Sultanate of Oman";"Oman";"21";"57";"286963";"OM";"Oman";"A";"PCLI"
"173";"PA";"Panama";"591";"PAN";"PM";"NA";"North America";"Panama City";"78200.0";"3410676";"PAB";"es-PA,en";"3703430";"-83.051445";"9.637514";"-77.17411";"7.197906";"";"Republic of Panama";"Panama";"9";"-80";"3703430";"PA";"Panama";"A";"PCLI"
"174";"PE";"Peru";"604";"PER";"PE";"SA";"South America";"Lima";"1285220.0";"29907003";"PEN";"es-PE,qu,ay";"3932488";"-81.326744";"-0.012977";"-68.677986";"-18.349728";"";"Republic of Peru";"Peru";"-10";"-75.25";"3932488";"PE";"Peru";"A";"PCLI"
"175";"PF";"French Polynesia";"258";"PYF";"FP";"OC";"Oceania";"Papeete";"4167.0";"270485";"XPF";"fr-PF,ty";"4030656";"-152.877167";"-7.903573";"-134.929825";"-27.653572";"#####";"PolynÃ©sie FranÃ§aise";"French Polynesia";"-15";"-140";"4030656";"PF";"French Polynesia";"A";"PCLD"
"176";"PG";"Papua New Guinea";"598";"PNG";"PP";"OC";"Oceania";"Port Moresby";"462840.0";"6064515";"PGK";"en-PG,ho,meu,tpi";"2088628";"140.842865";"-1.318639";"155.96344";"-11.657861";"###";"Independent State of Papua New Guinea";"Papua New Guinea";"-6";"147";"2088628";"PG";"Papua New Guinea";"A";"PCLI"
"177";"PH";"Philippines";"608";"PHL";"RP";"AS";"Asia";"Manila";"300000.0";"99900177";"PHP";"tl,en-PH,fil,ceb,tgl,ilo,hil,war,pam,bik,bcl,pag,mrw,tsg,mdh,cbk,krj,sgd,msb,akl,ibg,yka,mta,abx";"1694008";"116.931557";"21.120611";"126.601524";"4.643306";"####";"Republic of the Philippines";"Philippines";"13";"122";"1694008";"PH";"Philippines";"A";"PCLI"
"178";"PK";"Pakistan";"586";"PAK";"PK";"AS";"Asia";"Islamabad";"803940.0";"184404791";"PKR";"ur-PK,en-PK,pa,sd,ps,brh";"1168579";"60.878613";"37.097";"77.840919";"23.786722";"#####";"Islamic Republic of Pakistan";"Pakistan";"30";"70";"1168579";"PK";"Pakistan";"A";"PCLI"
"179";"PL";"Poland";"616";"POL";"PL";"EU";"Europe";"Warsaw";"312685.0";"38500000";"PLN";"pl";"798544";"14.123";"54.839138";"24.150749";"49.006363";"##-###";"Republic of Poland";"Poland";"52";"20";"798544";"PL";"Poland";"A";"PCLI"
"180";"PM";"Saint Pierre and Miquelon";"666";"SPM";"SB";"NA";"North America";"Saint-Pierre";"242.0";"7012";"EUR";"fr-PM";"3424932";"-56.40709223087083";"47.14376802942701";"-56.1253298443454";"46.78264970849848";"#####";"Saint-Pierre et Miquelon";"Saint Pierre and Miquelon";"46.83333";"-56.33333";"3424932";"PM";"Saint Pierre and Miquelon";"A";"PCLD"
"181";"PN";"Pitcairn Islands";"612";"PCN";"PC";"OC";"Oceania";"Adamstown";"47.0";"46";"NZD";"en-PN";"4030699";"-128.346436";"-24.315865";"-124.77285";"-24.672565";"";"Pitcairn, Henderson, Ducie and Oeno Islands";"Pitcairn Islands";"-25.06667";"-130.1";"4030699";"PN";"Pitcairn Islands";"A";"PCLD"
"182";"PR";"Puerto Rico";"630";"PRI";"RQ";"NA";"North America";"San Juan";"9104.0";"3916632";"USD";"en-PR,es-PR";"4566966";"-67.942726";"18.520166";"-65.242737";"17.926405";"#####-####";"San Juan";"San Juan";"18.46633";"-66.10572";"4568127";"PR";"Puerto Rico";"P";"PPLC"
"183";"PS";"Palestine";"275";"PSE";"WE";"AS";"Asia";"";"5970.0";"3800000";"ILS";"ar-PS";"6254930";"34.21665954589844";"32.54638671875";"35.5732955932617";"31.216541290283203";"";"Palestine";"Palestine";"31.92157";"35.20329";"6254930";"PS";"Palestine";"A";"PCLS"
"184";"PT";"Portugal";"620";"PRT";"PO";"EU";"Europe";"Lisbon";"92391.0";"10676000";"EUR";"pt-PT,mwl";"2264397";"-9.50052660716588";"42.154311127408";"-6.18915930748288";"36.96125";"####-###";"Portuguese Republic";"Portugal";"39.6945";"-8.13057";"2264397";"PT";"Portugal";"A";"PCLI"
"185";"PW";"Palau";"585";"PLW";"PS";"OC";"Oceania";"Melekeok";"458.0";"19907";"USD";"pau,sov,en-PW,tox,ja,fil,zh";"1559582";"131.11788";"8.46966";"134.72307";"2.8036";"96940";"Republic of Palau";"Palau";"7.503";"134.621";"1559582";"PW";"Palau";"A";"PCLF"
"186";"PY";"Paraguay";"600";"PRY";"PA";"SA";"South America";"Asunción";"406750.0";"6375830";"PYG";"es-PY,gn";"3437598";"-62.647076";"-19.294041";"-54.259354";"-27.608738";"####";"Republic of Paraguay";"Paraguay";"-23.33333";"-58";"3437598";"PY";"Paraguay";"A";"PCLI"
"187";"QA";"Qatar";"634";"QAT";"QA";"AS";"Asia";"Doha";"11437.0";"840926";"QAR";"ar-QA,es";"289688";"50.757221";"26.154722";"51.636639";"24.482944";"";"State of Qatar";"Qatar";"25.5";"51.25";"289688";"QA";"Qatar";"A";"PCLI"
"188";"RE";"Réunion";"638";"REU";"RE";"AF";"Africa";"Saint-Denis";"2517.0";"776948";"EUR";"fr-RE";"935317";"55.21219224792685";"-20.868391324576944";"55.838193901930026";"-21.383747301469107";"#####";"Saint-Denis";"Saint-Denis";"-20.88231";"55.4504";"935264";"RE";"RÃ©union";"P";"PPLC"
"189";"RO";"Romania";"642";"ROU";"RO";"EU";"Europe";"Bucharest";"237500.0";"21959278";"RON";"ro,hu,rom";"798549";"20.269972";"48.266945";"29.691055";"43.627304";"######";"RomÃ¢nia";"Romania";"46";"25";"798549";"RO";"Romania";"A";"PCLI"
"190";"RS";"Serbia";"688";"SRB";"RI";"EU";"Europe";"Belgrade";"88361.0";"7344847";"RSD";"sr,hu,bs,rom";"6290252";"18.817020416259766";"46.18138885498047";"23.00499725341797";"42.232215881347656";"######";"Serbia";"Serbia";"44.81892";"20.45998";"6290252";"RS";"Serbia";"A";"PCLI"
"191";"RU";"Russia";"643";"RUS";"RS";"EU";"Europe";"Moscow";"1.71E7";"140702000";"RUB";"ru,tt,xal,cau,ady,kv,ce,tyv,cv,udm,tut,mns,bua,myv,mdf,chm,ba,inh,tut,kbd,krc,ava,sah,nog";"2017370";"19.25";"81.857361";"-169.05";"41.188862";"######";"Russian Federation";"Russia";"60";"100";"2017370";"RU";"Russia";"A";"PCLI"
"192";"RW";"Rwanda";"646";"RWA";"RW";"AF";"Africa";"Kigali";"26338.0";"11055976";"RWF";"rw,en-RW,fr-RW,sw";"49518";"28.856794";"-1.053481";"30.895958";"-2.840679";"";"Republic of Rwanda";"Rwanda";"-2";"30";"49518";"RW";"Rwanda";"A";"PCLI"
"193";"SA";"Saudi Arabia";"682";"SAU";"SA";"AS";"Asia";"Riyadh";"1960582.0";"25731776";"SAR";"ar-SA";"102358";"34.495693";"32.158333";"55.666584";"15.61425";"#####";"Kingdom of Saudi Arabia";"Saudi Arabia";"25";"45";"102358";"SA";"Saudi Arabia";"A";"PCLI"
"194";"SB";"Solomon Islands";"090";"SLB";"BP";"OC";"Oceania";"Honiara";"28450.0";"559198";"SBD";"en-SB,tpi";"2103350";"155.508606";"-6.589611";"166.980865";"-11.850555";"";"Solomon Islands";"Solomon Islands";"-8";"159";"2103350";"SB";"Solomon Islands";"A";"PCLI"
"195";"SC";"Seychelles";"690";"SYC";"SE";"AF";"Africa";"Victoria";"455.0";"88340";"SCR";"en-SC,fr-SC";"241170";"46.204769";"-4.283717";"56.29770287937299";"-9.753867";"";"Republic of Seychelles";"Seychelles";"-4.58333";"55.66667";"241170";"SC";"Seychelles";"A";"PCLI"
"196";"SD";"Sudan";"729";"SDN";"SU";"AF";"Africa";"Khartoum";"1861484.0";"35000000";"SDG";"ar-SD,en,fia";"366755";"21.827774047851562";"22.232219696044922";"38.60749816894531";"8.684720993041992";"#####";"Republic of the Sudan";"Sudan";"16";"30";"366755";"SD";"Sudan";"A";"PCLI"
"197";"SE";"Sweden";"752";"SWE";"SW";"EU";"Europe";"Stockholm";"449964.0";"9828655";"SEK";"sv-SE,se,sma,fi-SE";"2661886";"11.118694";"69.0625";"24.1562924839185";"55.337112";"### ##";"Kingdom of Sweden";"Sweden";"62";"15";"2661886";"SE";"Sweden";"A";"PCLI"
"198";"SG";"Singapore";"702";"SGP";"SN";"AS";"Asia";"Singapore";"692.7";"4701069";"SGD";"cmn,en-SG,ms-SG,ta-SG,zh-SG";"1880251";"103.638275";"1.471278";"104.007469";"1.258556";"######";"Singapore";"Singapore";"1.28967";"103.85007";"1880252";"SG";"Singapore";"P";"PPLC"
"199";"SH";"Saint Helena";"654";"SHN";"SH";"AF";"Africa";"Jamestown";"410.0";"7460";"SHP";"en-SH";"3370751";"-14.42123";"-7.887815";"-5.638753";"-16.019543";"STHL 1ZZ";"Saint Helena, Ascension, and Tristan da Cunha";"Saint Helena";"-15.95";"-5.7";"3370751";"SH";"Saint Helena";"A";"PCLD"
"200";"SI";"Slovenia";"705";"SVN";"SI";"EU";"Europe";"Ljubljana";"20273.0";"2007000";"EUR";"sl,sh";"3190538";"13.3753342064709";"46.8766275518195";"16.6106311807";"45.421812998164";"####";"Republic of Slovenia";"Slovenia";"46.08333";"15";"3190538";"SI";"Slovenia";"A";"PCLI"
"201";"SJ";"Svalbard and Jan Mayen";"744";"SJM";"SV";"EU";"Europe";"Longyearbyen";"62049.0";"2550";"NOK";"no,ru";"607072";"17.699389";"80.762085";"33.287334";"79.220306";"####";"Svalbard and Jan Mayen";"Svalbard and Jan Mayen";"78";"20";"607072";"SJ";"Svalbard and Jan Mayen";"A";"TERR"
"202";"SK";"Slovakia";"703";"SVK";"LO";"EU";"Europe";"Bratislava";"48845.0";"5455000";"EUR";"sk,hu";"3057568";"16.84775";"49.603168";"22.570444";"47.728111";"### ##";"Slovak Republic";"Slovakia";"48.66667";"19.5";"3057568";"SK";"Slovakia";"A";"PCLI"
"203";"SL";"Sierra Leone";"694";"SLE";"SL";"AF";"Africa";"Freetown";"71740.0";"5245695";"SLL";"en-SL,men,tem";"2403846";"-13.307631";"10.0";"-10.284238";"6.929611";"";"Republic of Sierra Leone";"Sierra Leone";"8.5";"-11.5";"2403846";"SL";"Sierra Leone";"A";"PCLI"
"204";"SM";"San Marino";"674";"SMR";"SM";"EU";"Europe";"San Marino";"61.2";"31477";"EUR";"it-SM";"3168068";"12.403605260165";"43.9920929668161";"12.5158490454421";"43.8937002210188";"4789#";"San Marino";"City of San Marino";"43.93667";"12.44639";"3168070";"SM";"San Marino";"P";"PPLC"
"205";"SN";"Senegal";"686";"SEN";"SG";"AF";"Africa";"Dakar";"196190.0";"12323252";"XOF";"fr-SN,wo,fuc,mnk";"2245662";"-17.535236";"16.691633";"-11.355887";"12.307275";"#####";"Republic of Senegal";"Senegal";"14.5";"-14.25";"2245662";"SN";"Senegal";"A";"PCLI"
"206";"SO";"Somalia";"706";"SOM";"SO";"AF";"Africa";"Mogadishu";"637657.0";"10112453";"SOS";"so-SO,ar-SO,it,en-SO";"51537";"40.986595";"11.979166";"51.412636";"-1.674868";"@@  #####";"Somalia";"Somalia";"6";"48";"51537";"SO";"Somalia";"A";"PCLI"
"207";"SR";"Suriname";"740";"SUR";"NS";"SA";"South America";"Paramaribo";"163270.0";"492829";"SRD";"nl-SR,en,srn,hns,jv";"3382998";"-58.086563";"6.004546";"-53.977493";"1.831145";"";"Republic of Suriname";"Suriname";"4";"-56";"3382998";"SR";"Suriname";"A";"PCLI"
"208";"SS";"South Sudan";"728";"SSD";"OD";"AF";"Africa";"Juba";"644329.0";"8260490";"SSP";"en";"7909807";"24.140274047851562";"12.219148635864258";"35.9405517578125";"3.493394374847412";"";"South Sudan";"South Sudan";"7.5";"30";"7909807";"SS";"South Sudan";"A";"PCLI"
"209";"ST";"São Tomé and Príncipe";"678";"STP";"TP";"AF";"Africa";"São Tomé";"1001.0";"175808";"STD";"pt-ST";"2410758";"6.47017";"1.701323";"7.466374";"0.024766";"";"Sao Tome and Principe";"SÃ£o TomÃ© and PrÃ­ncipe";"1";"7";"2410758";"ST";"SÃ£o TomÃ© and PrÃ­ncipe";"A";"PCLI"
"210";"SV";"El Salvador";"222";"SLV";"ES";"NA";"North America";"San Salvador";"21040.0";"6052064";"USD";"es-SV";"3585968";"-90.128662";"14.445067";"-87.692162";"13.148679";"CP ####";"Republic of El Salvador";"El Salvador";"13.83333";"-88.91667";"3585968";"SV";"El Salvador";"A";"PCLI"
"211";"SX";"Sint Maarten";"534";"SXM";"NN";"NA";"North America";"Philipsburg";"21.0";"37429";"ANG";"nl,en";"7609695";"-63.144039";"18.070248";"-63.012993";"18.011692";"";"Sint Maarten";"Sint Maarten";"18.04167";"-63.06667";"7609695";"SX";"Sint Maarten";"A";"PCLIX"
"212";"SY";"Syria";"760";"SYR";"SY";"AS";"Asia";"Damascus";"185180.0";"22198110";"SYP";"ar-SY,ku,hy,arc,fr,en";"163843";"35.727222";"37.319138";"42.385029";"32.310665";"";"Syrian Arab Republic";"Syria";"35";"38";"163843";"SY";"Syria";"A";"PCLI"
"213";"SZ";"Swaziland";"748";"SWZ";"WZ";"AF";"Africa";"Mbabane";"17363.0";"1354051";"SZL";"en-SZ,ss-SZ";"934841";"30.794107";"-25.719648";"32.13726";"-27.317101";"@###";"Kingdom of Swaziland";"Swaziland";"-26.5";"31.5";"934841";"SZ";"Swaziland";"A";"PCLI"
"214";"TC";"Turks and Caicos Islands";"796";"TCA";"TK";"NA";"North America";"Cockburn Town";"430.0";"20556";"USD";"en-TC";"3576916";"-72.483871";"21.961878";"-71.123642";"21.422626";"TKCA 1ZZ";"Turks and Caicos Islands";"Turks and Caicos Islands";"21.73333";"-71.58333";"3576916";"TC";"Turks and Caicos Islands";"A";"PCLD"
"215";"TD";"Chad";"148";"TCD";"CD";"AF";"Africa";"N'Djamena";"1284000.0";"10543464";"XAF";"fr-TD,ar-TD,sre";"2434508";"13.473475";"23.450369";"24.002661";"7.441068";"";"Republic of Chad";"Chad";"15";"19";"2434508";"TD";"Chad";"A";"PCLI"
"216";"TF";"French Southern Territories";"260";"ATF";"FS";"AN";"Antarctica";"Port-aux-Français";"7829.0";"140";"EUR";"fr";"1546748";"50.170258";"-37.790722";"77.598808";"-49.735184";"";"Territory of the French Southern and Antarctic Lands";"French Southern Territories";"-43";"67";"1546748";"TF";"French Southern Territories";"A";"PCLIX"
"217";"TG";"Togo";"768";"TGO";"TO";"AF";"Africa";"Lomé";"56785.0";"6587239";"XOF";"fr-TG,ee,hna,kbp,dag,ha";"2363686";"-0.147324";"11.138977";"1.806693";"6.104417";"";"Togolese Republic";"Togo";"8.66667";"1.08333";"2363686";"TG";"Togo";"A";"PCLI"
"218";"TH";"Thailand";"764";"THA";"TH";"AS";"Asia";"Bangkok";"514000.0";"67089500";"THB";"th,en";"1605651";"97.345642";"20.463194";"105.639389";"5.61";"#####";"Kingdom of Thailand";"Thailand";"15.5";"101";"1605651";"TH";"Thailand";"A";"PCLI"
"219";"TJ";"Tajikistan";"762";"TJK";"TI";"AS";"Asia";"Dushanbe";"143100.0";"7487489";"TJS";"tg,ru";"1220409";"67.387138";"41.042252";"75.137222";"36.674137";"######";"Republic of Tajikistan";"Tajikistan";"39";"71";"1220409";"TJ";"Tajikistan";"A";"PCLI"
"220";"TK";"Tokelau";"772";"TKL";"TL";"OC";"Oceania";"";"10.0";"1466";"NZD";"tkl,en-TK";"4031074";"-172.50033569335938";"-8.553613662719727";"-171.21142578125";"-9.381111145019531";"";"Tokelau";"Tokelau";"-9.167";"-171.83";"4031074";"TK";"Tokelau";"A";"PCLD"
"221";"TL";"East Timor";"626";"TLS";"TT";"OC";"Oceania";"Dili";"15007.0";"1154625";"USD";"tet,pt-TL,id,en";"1966436";"124.04464721679688";"-8.12687015533447";"127.34211730957031";"-9.504650115966797";"";"Democratic Republic of Timor-Leste";"East Timor";"-8.83333";"125.75";"1966436";"TL";"East Timor";"A";"PCLI"
"222";"TM";"Turkmenistan";"795";"TKM";"TX";"AS";"Asia";"Ashgabat";"488100.0";"4940916";"TMT";"tk,ru,uz";"1218197";"52.441444";"42.795555";"66.684303";"35.141083";"######";"Turkmenistan";"Turkmenistan";"39.75";"59.66667";"1218197";"TM";"Turkmenistan";"A";"PCLI"
"223";"TN";"Tunisia";"788";"TUN";"TS";"AF";"Africa";"Tunis";"163610.0";"10589025";"TND";"ar-TN,fr";"2464461";"7.524833";"37.543915";"11.598278";"30.240417";"####";"Republic of Tunisia";"Tunisia";"34";"9";"2464461";"TN";"Tunisia";"A";"PCLI"
"224";"TO";"Tonga";"776";"TON";"TN";"OC";"Oceania";"Nuku'alofa";"748.0";"122580";"TOP";"to,en-TO";"4032283";"-175.682266";"-15.562988";"-173.907578";"-21.455057";"";"Kingdom of Tonga";"Tonga";"-20";"-175";"4032283";"TO";"Tonga";"A";"PCLI"
"225";"TR";"Turkey";"792";"TUR";"TU";"AS";"Asia";"Ankara";"780580.0";"77804122";"TRY";"tr-TR,ku,diq,az,av";"298795";"25.668501";"42.107613";"44.834999";"35.815418";"#####";"Republic of Turkey";"Turkey";"39";"35";"298795";"TR";"Turkey";"A";"PCLI"
"226";"TT";"Trinidad and Tobago";"780";"TTO";"TD";"NA";"North America";"Port of Spain";"5128.0";"1228691";"TTD";"en-TT,hns,fr,es,zh";"3573591";"-61.923771";"11.338342";"-60.517933";"10.036105";"";"Republic of Trinidad and Tobago";"Trinidad and Tobago";"11";"-61";"3573591";"TT";"Trinidad and Tobago";"A";"PCLI"
"227";"TV";"Tuvalu";"798";"TUV";"TV";"OC";"Oceania";"Funafuti";"26.0";"10472";"AUD";"tvl,en,sm,gil";"2110297";"176.064865";"-5.641972";"179.863281";"-10.801169";"";"Tuvalu";"Tuvalu";"-8.51719";"179.14478";"2110297";"TV";"Tuvalu";"A";"PCLI"
"228";"TW";"Taiwan";"158";"TWN";"TW";"AS";"Asia";"Taipei";"35980.0";"22894384";"TWD";"zh-TW,zh,nan,hak";"1668284";"119.534691";"25.3002899036181";"122.006739823315";"21.896606934717";"#####";"Taiwan";"Taiwan";"24";"121";"1668284";"TW";"Taiwan";"A";"PCLI"
"229";"TZ";"Tanzania";"834";"TZA";"TZ";"AF";"Africa";"Dodoma";"945087.0";"41892895";"TZS";"sw-TZ,en,ar";"149590";"29.327168";"-0.990736";"40.443222";"-11.745696";"";"United Republic of Tanzania";"Tanzania";"-6";"35";"149590";"TZ";"Tanzania";"A";"PCLI"
"230";"UA";"Ukraine";"804";"UKR";"UP";"EU";"Europe";"Kiev";"603700.0";"45415596";"UAH";"uk,ru-UA,rom,pl,hu";"690791";"22.128889";"52.369362";"40.20739";"44.390415";"#####";"Ukraine";"Ukraine";"49";"32";"690791";"UA";"Ukraine";"A";"PCLI"
"231";"UG";"Uganda";"800";"UGA";"UG";"AF";"Africa";"Kampala";"236040.0";"33398682";"UGX";"en-UG,lg,sw,ar";"226074";"29.573252";"4.214427";"35.036049";"-1.48405";"";"Republic of Uganda";"Uganda";"1.25";"32.5";"226074";"UG";"Uganda";"A";"PCLI"
"232";"UM";"U.S. Minor Outlying Islands";"581";"UMI";"";"OC";"Oceania";"";"0.0";"0";"USD";"en-UM";"5854968";"-177.392029";"28.219814";"166.654526";"-0.389006";"";"United States Minor Outlying Islands";"U.S. Minor Outlying Islands";"5.875";"-162.057";"5854968";"UM";"U.S. Minor Outlying Islands";"A";"PCLD"
"233";"US";"United States";"840";"USA";"US";"NA";"North America";"Washington";"9629091.0";"310232863";"USD";"en-US,es-US,haw,fr";"6252001";"-124.733253";"49.388611";"-66.954811";"24.544245";"#####-####";"United States";"United States";"39.76";"-98.5";"6252001";"US";"United States";"A";"PCLI"
"234";"UY";"Uruguay";"858";"URY";"UY";"SA";"South America";"Montevideo";"176220.0";"3477000";"UYU";"es-UY";"3439705";"-58.442722";"-30.082224";"-53.073933";"-34.980816";"#####";"Oriental Republic of Uruguay";"Uruguay";"-33";"-56";"3439705";"UY";"Uruguay";"A";"PCLI"
"235";"UZ";"Uzbekistan";"860";"UZB";"UZ";"AS";"Asia";"Tashkent";"447400.0";"27865738";"UZS";"uz,ru,tg";"1512440";"55.996639";"45.575001";"73.132278";"37.184444";"######";"Republic of Uzbekistan";"Uzbekistan";"41.66667";"63.83333";"1512440";"UZ";"Uzbekistan";"A";"PCLI"
"236";"VA";"Vatican City";"336";"VAT";"VT";"EU";"Europe";"Vatican City";"0.44";"921";"EUR";"la,it,fr";"3164670";"12.44570678169205";"41.90743830885576";"12.45837546629481";"41.90027960306854";"#####";"Vatican City";"Vatican City";"41.90268";"12.45414";"6691831";"VA";"Vatican City";"P";"PPLC"
"237";"VC";"Saint Vincent and the Grenadines";"670";"VCT";"VC";"NA";"North America";"Kingstown";"389.0";"104217";"XCD";"en-VC,fr";"3577815";"-61.46090317727658";"13.377834";"-61.11388";"12.583984810969037";"";"Saint Vincent and the Grenadines";"Saint Vincent and the Grenadines";"13.08333";"-61.2";"3577815";"VC";"Saint Vincent and the Grenadines";"A";"PCLI"
"238";"VE";"Venezuela";"862";"VEN";"VE";"SA";"South America";"Caracas";"912050.0";"27223228";"VEF";"es-VE";"3625428";"-73.354073";"12.201903";"-59.80378";"0.626311";"####";"Bolivarian Republic of Venezuela";"Venezuela";"8";"-66";"3625428";"VE";"Venezuela";"A";"PCLI"
"239";"VG";"British Virgin Islands";"092";"VGB";"VI";"NA";"North America";"Road Town";"153.0";"21730";"USD";"en-VG";"3577718";"-64.71312752730364";"18.757221";"-64.268768";"18.383710898211305";"";"British Virgin Islands";"British Virgin Islands";"18.5";"-64.5";"3577718";"VG";"British Virgin Islands";"A";"PCLD"
"240";"VI";"U.S. Virgin Islands";"850";"VIR";"VQ";"NA";"North America";"Charlotte Amalie";"352.0";"108708";"USD";"en-VI";"4796775";"-65.101333";"18.415382";"-64.565193";"17.673931";"#####-####";"Virgin Islands of the United States";"U.S. Virgin Islands";"18.34829";"-64.98348";"4796775";"VI";"U.S. Virgin Islands";"A";"PCLD"
"241";"VN";"Vietnam";"704";"VNM";"VM";"AS";"Asia";"Hanoi";"329560.0";"89571130";"VND";"vi,en,fr,zh,km";"1562822";"102.148224";"23.388834";"109.464638";"8.559611";"######";"Socialist Republic of Vietnam";"Vietnam";"16.16667";"107.83333";"1562822";"VN";"Vietnam";"A";"PCLI"
"242";"VU";"Vanuatu";"548";"VUT";"NH";"OC";"Oceania";"Port Vila";"12200.0";"221552";"VUV";"bi,en-VU,fr-VU";"2134431";"166.524979";"-13.073444";"169.904785";"-20.248945";"";"Republic of Vanuatu";"Vanuatu";"-16";"167";"2134431";"VU";"Vanuatu";"A";"PCLI"
"243";"WF";"Wallis and Futuna";"876";"WLF";"WF";"OC";"Oceania";"Mata-Utu";"274.0";"16025";"XPF";"wls,fud,fr-WF";"4034749";"-178.1848112896414";"-13.216758181061444";"-176.16174317718253";"-14.314559989820843";"#####";"Wallis et Futuna";"Wallis and Futuna";"-13.3";"-176.2";"4034749";"WF";"Wallis and Futuna";"A";"PCLD"
"244";"WS";"Samoa";"882";"WSM";"WS";"OC";"Oceania";"Apia";"2944.0";"192001";"WST";"sm,en-WS";"4034894";"-172.798599";"-13.432207";"-171.415741";"-14.040939";"";"Independent State of Samoa";"Samoa";"-13.8";"-172.13333";"4034894";"WS";"Samoa";"A";"PCLI"
"245";"XK";"Kosovo";"0";"XKX";"KV";"EU";"Europe";"Pristina";"10908.0";"1800000";"EUR";"sq,sr";"831053";"19.977481504492914";"43.2682495807952";"21.80335088694943";"41.856369601859925";"";"Republic of Kosovo";"Kosovo";"42.58333";"20.91667";"831053";"XK";"Kosovo";"A";"PCLI"
"246";"YE";"Yemen";"887";"YEM";"YM";"AS";"Asia";"Sanaa";"527970.0";"23495361";"YER";"ar-YE";"69543";"42.5325394314234";"18.9999989031009";"54.5305388163283";"12.1110910264462";"";"Republic of Yemen";"Yemen";"15.5";"47.5";"69543";"YE";"Yemen";"A";"PCLI"
"247";"YT";"Mayotte";"175";"MYT";"MF";"AF";"Africa";"Mamoudzou";"374.0";"159042";"EUR";"fr-YT";"1024031";"45.03796";"-12.648891";"45.29295";"-13.000132";"#####";"Mayotte";"Mayotte";"-12.83333";"45.16667";"1024031";"YT";"Mayotte";"A";"PCLD"
"248";"ZA";"South Africa";"710";"ZAF";"SF";"AF";"Africa";"Pretoria";"1219912.0";"49000000";"ZAR";"zu,xh,af,nso,en-ZA,tn,st,ts,ss,ve,nr";"953987";"16.458021";"-22.126612";"32.895973";"-34.839828";"####";"Republic of South Africa";"South Africa";"-29";"24";"953987";"ZA";"South Africa";"A";"PCLI"
"249";"ZM";"Zambia";"894";"ZMB";"ZA";"AF";"Africa";"Lusaka";"752614.0";"13460305";"ZMW";"en-ZM,bem,loz,lun,lue,ny,toi";"895949";"21.999371";"-8.22436";"33.705704";"-18.079473";"#####";"Republic of Zambia";"Zambia";"-14.33333";"28.5";"895949";"ZM";"Zambia";"A";"PCLI"
"250";"ZW";"Zimbabwe";"716";"ZWE";"ZI";"AF";"Africa";"Harare";"390580.0";"13061000";"ZWL";"en-ZW,sn,nr,nd";"878675";"25.237028";"-15.608835";"33.056305";"-22.417738";"";"Republic of Zimbabwe";"Zimbabwe";"-19";"29.75";"878675";"ZW";"Zimbabwe";"A";"PCLI"
